                  epoch,         train/box_loss,         train/cls_loss,         train/dfl_loss,   metrics/precision(B),      metrics/recall(B),       metrics/mAP50(B),    metrics/mAP50-95(B),           val/box_loss,           val/cls_loss,           val/dfl_loss,                 lr/pg0,                 lr/pg1,                 lr/pg2
                      1,                 1.2142,                 1.6691,                 1.2701,                0.64996,                 0.5259,                0.61431,                0.45446,                 1.0826,                 1.1186,                 1.1246,               8.33e-06,               8.33e-06,               8.33e-06
                      2,                  1.201,                 1.4382,                 1.2301,                0.66083,                0.53492,                0.62252,                0.46273,                 1.0765,                 1.0865,                 1.1223,             1.4316e-05,             1.4316e-05,             1.4316e-05
                      3,                 1.1589,                 1.3852,                  1.253,                0.68398,                0.53741,                0.63651,                0.47359,                  1.075,                 1.0705,                 1.1216,             1.6531e-05,             1.6531e-05,             1.6531e-05
                      4,                 1.1407,                 1.3825,                 1.1998,                0.69386,                0.54494,                0.64137,                0.47559,                  1.073,                 1.0563,                 1.1197,             1.4977e-05,             1.4977e-05,             1.4977e-05
                      5,                 1.1283,                 1.2893,                 1.2072,                0.70513,                0.55667,                0.64848,                0.48121,                 1.0731,                 1.0454,                 1.1194,             9.6533e-06,             9.6533e-06,             9.6533e-06
