                  epoch,         train/box_loss,         train/cls_loss,         train/dfl_loss,   metrics/precision(B),      metrics/recall(B),       metrics/mAP50(B),    metrics/mAP50-95(B),           val/box_loss,           val/cls_loss,           val/dfl_loss,                 lr/pg0,                 lr/pg1,                 lr/pg2
                      1,                 1.2264,                 1.6151,                 1.2741,                0.64475,                0.53241,                0.61445,                0.45645,                 1.0817,                 1.1198,                 1.1247,               8.33e-06,               8.33e-06,               8.33e-06
                      2,                  1.224,                 1.5124,                 1.2677,                0.67642,                0.54042,                0.62664,                0.46689,                 1.0808,                 1.1008,                 1.1242,             1.4316e-05,             1.4316e-05,             1.4316e-05
                      3,                 1.2055,                 1.4353,                 1.2193,                0.70148,                 0.5383,                0.63456,                0.47233,                 1.0777,                 1.0838,                 1.1234,             1.6531e-05,             1.6531e-05,             1.6531e-05
                      4,                 1.2427,                 1.5045,                 1.2576,                0.67165,                0.56177,                0.64841,                0.48253,                 1.0745,                 1.0655,                 1.1217,             1.4977e-05,             1.4977e-05,             1.4977e-05
                      5,                 1.1575,                 1.3201,                 1.2259,                0.67455,                0.57333,                0.65428,                0.48808,                 1.0709,                 1.0582,                  1.119,             9.6533e-06,             9.6533e-06,             9.6533e-06
